categoryid	Category
287500763210	Books ~ Non-fiction ~ Sport ~ Climbing, hiking & tramping
291435774026	Books ~ Fiction & literature ~ General fiction ~ Author P-R
287502336074	Movies & TV ~ DVDs ~ Action
290851389514	Books ~ Non-fiction ~ Reference ~ Encyclopedias
287501418570	Books ~ Non-fiction ~ Transport ~ Bikes
287501549642	Books ~ Non-fiction ~ Transport ~ Rail
291435806794	Books ~ Fiction & literature ~ General fiction ~ Author S-U
287501975626	Books ~ Non-fiction ~ Travel ~ Pacific Islands
287501746250	Books ~ Non-fiction ~ Travel ~ Australia
287502860362	Movies & TV ~ DVDs ~ Music
287491850314	Books ~ Non-fiction ~ Art, photography & design ~ Art history
291435839562	Books ~ Fiction & literature ~ General fiction ~ Author V-Z
287502893130	Movies & TV ~ DVDs ~ Sci-fi
287502991434	Movies & TV ~ DVDs ~ TV series
287503056970	Music & instruments ~ CDs ~ Blues ~ Various
287503286346	Music & instruments ~ CDs ~ Dance & electronica ~ Various
303953018954	Books ~ Audio books ~ CD ~ Fiction
287503351882	Music & instruments ~ CDs ~ Rap & Hip-hop ~ Various
291065561162	Books ~ Comics & graphic novels ~ Commando
287498338378	Books ~ Non-fiction ~ Health & lifestyle ~ Recovery
287503450186	Music & instruments ~ CDs ~ World & folk ~ Various
294442532938	Books ~ Non-fiction ~ Health & lifestyle ~ Massage & meditation
287493849162	Books ~ Fiction & literature ~ Poetry
287503712330	Music & instruments ~ CDs ~ Reggae ~ Various
294442565706	Books ~ Non-fiction ~ Health & lifestyle ~ Women's health
287493914698	Books ~ Non-fiction ~ Politics & social commentary
287498436682	Books ~ Non-fiction ~ History ~ The Americas
287503777866	Music & instruments ~ CDs ~ Soundtracks ~ Title A-C
291430924362	Books ~ Fiction & literature ~ General fiction ~ Author A-C
294632718410	Books ~ Non-fiction ~ Travel ~ Europe
287493980234	Books ~ Non-fiction ~ Psychology
287503482954	Music & instruments ~ CDs ~ Soundtracks ~ Title A-C
287496208458	Books ~ Non-fiction ~ True crime
289281245258	Books ~ Non-fiction ~ New Zealand
291431186506	Books ~ Fiction & literature ~ Romance ~ Author D-F
287496437834	Books ~ Non-fiction ~ Art, photography & design ~ Fashion
291432235082	Books ~ Fiction & literature ~ Mystery & thriller ~ Author D-F
287496536138	Books ~ Non-fiction ~ Art, photography & design ~ Photography
287497322570	Books ~ Non-fiction ~ Business, finance & law ~ Other
291432529994	Books ~ Fiction & literature ~ Mystery & thriller ~ Author D-F
287498600522	Books ~ Non-fiction ~ History ~ Australia
291432824906	Books ~ Young adult fiction ~ Author D-F
291433152586	Books ~ Young adult fiction ~ Author D-F
291433447498	Books ~ Fiction & literature ~ Classics ~ Author D-F
291435970634	Books ~ Fiction & literature ~ Science fiction & fantasy ~ Author D-F
287498862666	Books ~ Non-fiction ~ Genealogy
287499223114	Books ~ Teaching resources & education ~ Humanities & social science
287499812938	Books ~ Non-fiction ~ Religion & spirituality ~ New age
287499944010	Books ~ Non-fiction ~ Science & medical ~ Ecology
287500009546	Books ~ Non-fiction ~ Science & medical ~ Physics
287500566602	Books ~ Non-fiction ~ Sport ~ Fishing
291435479114	Books ~ Fiction & literature ~ General fiction ~ Author P-R
287500828746	Books ~ Non-fiction ~ Sport ~ Climbing, hiking & tramping
287491883082	Books ~ Non-fiction ~ Art, photography & design ~ Art instruction
287493488714	Books ~ Non-fiction ~ History ~ Ancient
287501058122	Books ~ Non-fiction ~ Sport ~ Running
287497453642	Books ~ Non-fiction ~ Business, finance & law ~ Management & leadership
287501090890	Books ~ Non-fiction ~ Sport ~ Sailing
287497551946	Books ~ Comics & graphic novels ~ Manga
287501385802	Books ~ Non-fiction ~ Transport ~ Aviation
287501811786	Books ~ Non-fiction ~ Travel ~ North America
287497879626	Books ~ Non-fiction ~ Crafts ~ Knitting & needlecraft
287498010698	Books ~ Non-fiction ~ Crafts ~ Pottery & ceramics
287501484106	Books ~ Non-fiction ~ Transport ~ Marine
287498076234	Books ~ Non-fiction ~ Crafts ~ Toy making
287502139466	Books ~ Non-fiction ~ War & military ~ World War I
287498109002	Books ~ Non-fiction ~ Crafts ~ Other
287502172234	Books ~ Non-fiction ~ War & military ~ Other
287499190346	Books ~ Non-fiction ~ Movies & TV
287493455946	Business, farming & industry ~ Postage & packing supplies ~ Envelopes & mail bags
289281015882	Books ~ Foreign language ~ Dutch
287500173386	Books ~ Non-fiction ~ Science & medical ~ Space & astronomy
287496568906	Books ~ Non-fiction ~ Art, photography & design ~ Sculpture
287500206154	Books ~ Non-fiction ~ Sport ~ Other
287496634442	Books ~ Non-fiction ~ Biography ~ Business
287498829898	Books ~ Non-fiction ~ Hobbies & games
289712930890	Books ~ Non-fiction ~ Health & lifestyle ~ Mental health
287496667210	Books ~ Non-fiction ~ Biography ~ Literary
287497060426	Books ~ Non-fiction ~ Biography ~ Religious
287499092042	Books ~ Non-fiction ~ Movies & TV
287496470602	Books ~ Non-fiction ~ Art, photography & design ~ Other
287496929354	Books ~ Non-fiction ~ Biography ~ Literary
287498207306	Books ~ Non-fiction ~ Health & lifestyle ~ Disorders & diseases
287501647946	Books ~ Non-fiction ~ Travel ~ Africa
287498633290	Books ~ Non-fiction ~ History ~ Britain
287496699978	Books ~ Non-fiction ~ Biography ~ Military
287498797130	Books ~ Non-fiction ~ Hobbies & games
287498305610	Books ~ Non-fiction ~ Health & lifestyle ~ Pregnancy & baby
287498403914	Books ~ Non-fiction ~ Health & lifestyle ~ Sexual health & wellbeing
287497027658	Books ~ Non-fiction ~ Biography ~ Politics
287499747402	Books ~ Non-fiction ~ Reference ~ Other
287497191498	Books ~ Non-fiction ~ Biography ~ Sport
287502008394	Books ~ Non-fiction ~ Travel ~ Central & South America
287497420874	Books ~ Non-fiction ~ Business, finance & law ~ Law
287498174538	Books ~ Non-fiction ~ Health & lifestyle ~ Diet
287498371146	Books ~ Non-fiction ~ Health & lifestyle ~ Relationships
287498502218	Books ~ Non-fiction ~ History ~ Ancient
287500238922	Books ~ Non-fiction ~ Sport ~ Basketball
287501844554	Books ~ Non-fiction ~ Travel ~ New Zealand
302886912074	Gaming ~ PC games ~ Other
287501156426	Books ~ Non-fiction ~ Sport ~ Snow sports
287498993738	Books ~ Non-fiction ~ Flora & fauna
289281114186	Books ~ Foreign language ~ Russian
287500107850	Books ~ Non-fiction ~ Science & medical ~ Other
289281179722	Books ~ Foreign language ~ Other
287500337226	Books ~ Non-fiction ~ Sport ~ Cricket
289281212490	Books ~ Foreign language ~ Russian
289893646410	Books ~ Non-fiction ~ Home & garden ~ Other gardening
289893580874	Books ~ Non-fiction ~ Sport ~ Other
287502434378	Movies & TV ~ DVDs ~ Childrens
287502925898	Movies & TV ~ DVDs ~ Sports
287503155274	Movies & TV ~ DVDs ~ Childrens
287500304458	Books ~ Non-fiction ~ Sport ~ Other
287500599370	Books ~ Non-fiction ~ Sport ~ Golf
287501254730	Books ~ Non-fiction ~ Sport ~ Swimming
287501221962	Books ~ Non-fiction ~ Sport ~ Surfing
303957311562	Books ~ Children & babies ~ Activity & colouring ~ Sticker
287500959818	Books ~ Non-fiction ~ Sport ~ Kayaking, canoeing & rowing
287500632138	Books ~ Non-fiction ~ Sport ~ Other
287498043466	Books ~ Non-fiction ~ Crafts ~ Sewing & textiles
287497781322	Books ~ Non-fiction ~ Crafts ~ Flower arrangement
287497289802	Books ~ Non-fiction ~ Business, finance & law ~ Small business & entrepreneurship
287491915850	Books ~ Non-fiction ~ Business, finance & law ~ Accounting
287497519178	Books ~ Non-fiction ~ Business, finance & law ~ Sales & marketing
287498666058	Books ~ Non-fiction ~ History ~ Europe
287499354186	Books ~ Foreign language ~ German
289893679178	Books ~ Non-fiction ~ Religion & spirituality ~ Discussion & critical thinking
287500992586	Books ~ Non-fiction ~ Sport ~ Rugby
287500402762	Books ~ Non-fiction ~ Sport ~ Diving & scuba
291065495626	Books ~ Comics & graphic novels ~ DC
287495880778	Books ~ Non-fiction ~ Politics & social commentary
291431907402	Books ~ Fiction & literature ~ War ~ Author D-F
287496044618	Books ~ Non-fiction ~ Technology & engineering
287503089738	Music & instruments ~ CDs ~ Classical
287502696522	Movies & TV ~ DVDs ~ Drama
287496994890	Books ~ Non-fiction ~ Biography ~ Other
287502794826	Movies & TV ~ DVDs ~ Horror
287503384650	Music & instruments ~ CDs ~ Compilations
287493029962	Books ~ Teaching resources & education ~ Other
287500927050	Books ~ Non-fiction ~ Sport ~ Racquet sports
287493652554	Books ~ Non-fiction ~ Other
287502270538	Books ~ Non-fiction ~ War & military ~ World War II
287494275146	Books ~ Non-fiction ~ Self-help ~ Other
291434365002	Books ~ Fiction & literature ~ New Zealand ~ Author D-F
287501516874	Books ~ Non-fiction ~ Transport ~ Other
287496339530	Books ~ Fiction & literature ~ Western
287497486410	Books ~ Non-fiction ~ Business, finance & law ~ Personal finance
290650718282	Books ~ Non-fiction ~ Pets ~ Horses
291430269002	Books ~ Fiction & literature ~ Classics ~ Author A-C
287498567754	Books ~ Non-fiction ~ History ~ Asia
291430694986	Books ~ Fiction & literature ~ Classics ~ Author D-F
291430727754	Books ~ Fiction & literature ~ General fiction ~ Author G-I
291430760522	Books ~ Fiction & literature ~ General fiction ~ Author J-L
287498960970	Books ~ Non-fiction ~ New Zealand
291430793290	Books ~ Fiction & literature ~ General fiction ~ Author M-O
287499059274	Books ~ Non-fiction ~ Flora & fauna
291430826058	Books ~ Fiction & literature ~ General fiction ~ Author P-R
287499255882	Books ~ Non-fiction ~ Pets ~ Birds
291430858826	Books ~ Fiction & literature ~ General fiction ~ Author S-U
291430891594	Books ~ Fiction & literature ~ General fiction ~ Author V-Z
302643642442	Books ~ Non-fiction ~ War & military ~ Other
287497912394	Books ~ Non-fiction ~ Crafts ~ Other
287499845706	Books ~ Non-fiction ~ Science & medical ~ Biology
291431153738	Books ~ Fiction & literature ~ Romance ~ Author A-C
291431219274	Books ~ Fiction & literature ~ Romance ~ Author G-I
291436265546	Books ~ Young adult fiction ~ Author D-F
291431252042	Books ~ Fiction & literature ~ Romance ~ Author J-L
291431809098	Books ~ Fiction & literature ~ Historical fiction ~ Other
287502598218	Movies & TV ~ DVDs ~ Comedy
291431284810	Books ~ Fiction & literature ~ Romance ~ Author M-O
287502368842	Movies & TV ~ DVDs ~ Childrens
291431317578	Books ~ Fiction & literature ~ Romance ~ Author P-R
289280950346	Books ~ Foreign language ~ Chinese
287502663754	Movies & TV ~ DVDs ~ Documentary
291431350346	Books ~ Fiction & literature ~ Romance ~ Author S-U
287502762058	Music & instruments ~ Music DVDs ~ Various
291431383114	Books ~ Fiction & literature ~ Romance ~ Author V-Z
287502827594	Movies & TV ~ DVDs ~ Action
287493750858	Books ~ Non-fiction ~ Philosophy
291431546954	Books ~ Fiction & literature ~ Historical fiction ~ Author A-C
291431612490	Books ~ Fiction & literature ~ Historical fiction ~ Author G-I
287502958666	Movies & TV ~ DVDs ~ Thriller
291431645258	Books ~ Fiction & literature ~ Historical fiction ~ Author J-L
291431678026	Books ~ Fiction & literature ~ Historical fiction ~ Author M-O
291431710794	Books ~ Fiction & literature ~ Historical fiction ~ Author P-R
287499878474	Books ~ Non-fiction ~ Science & medical ~ Chemistry
287501582410	Books ~ Non-fiction ~ Transport ~ Trucks
291431743562	Books ~ Fiction & literature ~ Historical fiction ~ Author S-U
287501713482	Books ~ Non-fiction ~ Travel ~ Asia
291431776330	Books ~ Fiction & literature ~ Historical fiction ~ Author V-Z
287499714634	Books ~ Non-fiction ~ Reference ~ Other
287501779018	Books ~ Non-fiction ~ Travel ~ Europe
291431874634	Books ~ Fiction & literature ~ War ~ Author A-C
290851225674	Books ~ Non-fiction ~ Home & garden ~ Herb & vegetable gardening
287502041162	Books ~ Non-fiction ~ War & military ~ Other
291431940170	Books ~ Fiction & literature ~ War ~ Author G-I
291431415882	Books ~ Fiction & literature ~ Romance ~ Other
287499911242	Books ~ Non-fiction ~ Science & medical ~ Earth
287502106698	Books ~ Non-fiction ~ War & military ~ Other
291431972938	Books ~ Fiction & literature ~ War ~ Author J-L
291433054282	Books ~ Young adult fiction ~ Other
291432005706	Books ~ Fiction & literature ~ War ~ Author M-O
287500075082	Books ~ Non-fiction ~ Science & medical ~ Biology
291432038474	Books ~ Fiction & literature ~ War ~ Author P-R
291435937866	Books ~ Fiction & literature ~ Science fiction & fantasy ~ Author A-C
287501189194	Books ~ Non-fiction ~ Sport ~ Soccer
287500140618	Books ~ Non-fiction ~ Science & medical ~ Physics
291432071242	Books ~ Fiction & literature ~ War ~ Author S-U
287501451338	Books ~ Non-fiction ~ Transport ~ Cars
287500369994	Books ~ Non-fiction ~ Sport ~ Cycling
291432104010	Books ~ Fiction & literature ~ War ~ Author V-Z
291436003402	Books ~ Fiction & literature ~ Science fiction & fantasy ~ Author G-I
287501680714	Books ~ Non-fiction ~ Travel ~ Other
287500435530	Books ~ Non-fiction ~ Sport ~ Equestrian
291432497226	Books ~ Fiction & literature ~ Mystery & thriller ~ Author A-C
287501942858	Books ~ Non-fiction ~ Travel ~ Other
287500697674	Books ~ Non-fiction ~ Sport ~ Martial arts
291432562762	Books ~ Fiction & literature ~ Mystery & thriller ~ Author G-I
291432595530	Books ~ Fiction & literature ~ Mystery & thriller ~ Author J-L
291436331082	Books ~ Fiction & literature ~ Science fiction & fantasy ~ Author J-L
287491817546	Books ~ Non-fiction ~ Art, photography & design ~ Architecture
287500730442	Books ~ Non-fiction ~ Sport ~ Motorsport
291436036170	Books ~ Fiction & literature ~ Science fiction & fantasy ~ Author J-L
287492735050	Books ~ Children & babies ~ Educational ~ Other
291432661066	Books ~ Fiction & literature ~ Mystery & thriller ~ Author P-R
291436068938	Books ~ Fiction & literature ~ Science fiction & fantasy ~ Author M-O
291433119818	Books ~ Young adult fiction ~ Author A-C
291432693834	Books ~ Fiction & literature ~ Mystery & thriller ~ Author S-U
291436101706	Books ~ Fiction & literature ~ Science fiction & fantasy ~ Author P-R
291432726602	Books ~ Fiction & literature ~ Mystery & thriller ~ Author V-Z
291436134474	Books ~ Fiction & literature ~ Science fiction & fantasy ~ Author S-U
291432759370	Books ~ Fiction & literature ~ Mystery & thriller ~ Other
291436167242	Books ~ Fiction & literature ~ Science fiction & fantasy ~ Author V-Z
287497388106	Books ~ Non-fiction ~ Business, finance & law ~ Other
291432464458	Books ~ Fiction & literature ~ Mystery & thriller ~ Other
291436298314	Books ~ Fiction & literature ~ Science fiction & fantasy ~ Author G-I
291433021514	Books ~ Young adult fiction ~ Author V-Z
291436363850	Books ~ Fiction & literature ~ Science fiction & fantasy ~ Author M-O
287497683018	Books ~ Non-fiction ~ Cooking ~ Other
287493816394	Books ~ Fiction & literature ~ Classics ~ Other
291433283658	Books ~ Young adult fiction ~ Author P-R
291436396618	Books ~ Fiction & literature ~ Science fiction & fantasy ~ Author P-R
287497814090	Books ~ Non-fiction ~ Home & garden ~ Home decorating & interior design
291433316426	Books ~ Young adult fiction ~ Author S-U
291433349194	Books ~ Young adult fiction ~ Author V-Z
287496011850	Business, farming & industry ~ Office equipment & supplies ~ Stationery & supplies ~ Other
291436429386	Books ~ Fiction & literature ~ Science fiction & fantasy ~ Author S-U
287496503370	Books ~ Non-fiction ~ Art, photography & design ~ Painting
291433414730	Books ~ Fiction & literature ~ Classics ~ Author A-C
291433218122	Books ~ Young adult fiction ~ Author J-L
287497093194	Books ~ Non-fiction ~ Biography ~ Royalty
287501910090	Books ~ Non-fiction ~ Travel ~ New Zealand
291433480266	Books ~ Fiction & literature ~ Classics ~ Author G-I
291432202314	Books ~ Fiction & literature ~ Mystery & thriller ~ Author A-C
287497945162	Books ~ Non-fiction ~ Crafts ~ Other
290650652746	Books ~ Non-fiction ~ Pets ~ Dogs
291433513034	Books ~ Fiction & literature ~ Classics ~ Author J-L
287498240074	Books ~ Non-fiction ~ Health & lifestyle ~ Fitness & exercise
290650816586	Books ~ Non-fiction ~ Religion & spirituality ~ Discussion & critical thinking
291433545802	Books ~ Fiction & literature ~ Classics ~ Author M-O
291432267850	Books ~ Fiction & literature ~ Mystery & thriller ~ Author G-I
287499780170	Books ~ Non-fiction ~ Religion & spirituality ~ Christianity
287498272842	Books ~ Non-fiction ~ Health & lifestyle ~ Parenting
290651832394	Books ~ Non-fiction ~ Religion & spirituality ~ New age
291432300618	Books ~ Fiction & literature ~ Mystery & thriller ~ Author J-L
291433185354	Books ~ Young adult fiction ~ Author G-I
287499681866	Books ~ Non-fiction ~ Reference ~ Dictionaries & thesauruses
291065430090	Books ~ Comics & graphic novels ~ Footrot flats
291433578570	Books ~ Fiction & literature ~ Classics ~ Author P-R
291432333386	Books ~ Fiction & literature ~ Mystery & thriller ~ Author M-O
287498731594	Books ~ Non-fiction ~ History ~ Other
291065528394	Books ~ Comics & graphic novels ~ Marvel ~ Other
291433611338	Books ~ Fiction & literature ~ Classics ~ Author S-U
291432366154	Books ~ Fiction & literature ~ Mystery & thriller ~ Author P-R
287499157578	Books ~ Non-fiction ~ Music ~ Other
291065593930	Books ~ Comics & graphic novels ~ Other
291433644106	Books ~ Fiction & literature ~ Classics ~ Author V-Z
291432398922	Books ~ Fiction & literature ~ Mystery & thriller ~ Author S-U
287499583562	Books ~ Non-fiction ~ Reference ~ Atlases
287498698826	Books ~ Non-fiction ~ History ~ New Zealand
287499649098	Books ~ Non-fiction ~ Reference ~ Other
291432431690	Books ~ Fiction & literature ~ Mystery & thriller ~ Author V-Z
287500664906	Books ~ Non-fiction ~ Sport ~ Hunting & shooting
287496732746	Books ~ Non-fiction ~ Biography ~ Movie & TV
291434037322	Books ~ Fiction & literature ~ Horror ~ Author D-F
287497584714	Books ~ Non-fiction ~ Cooking ~ Baking & desserts
287502205002	Books ~ Non-fiction ~ War & military ~ Other
291433709642	Books ~ Fiction & literature ~ Horror ~ Author A-C
291436462154	Books ~ Fiction & literature ~ Science fiction & fantasy ~ Author V-Z
287502237770	Books ~ Non-fiction ~ War & military ~ Other
287497846858	Books ~ Non-fiction ~ Home & garden ~ Home improvements
291434070090	Books ~ Fiction & literature ~ Horror ~ Author G-I
287498141770	Books ~ Non-fiction ~ Home & garden ~ Roses
291434102858	Books ~ Fiction & literature ~ Horror ~ Author J-L
291433807946	Books ~ Fiction & literature ~ Horror ~ Author J-L
291434135626	Books ~ Fiction & literature ~ Horror ~ Author M-O
291433775178	Books ~ Fiction & literature ~ Horror ~ Author G-I
287499288650	Books ~ Non-fiction ~ Pets ~ Cats
291434168394	Books ~ Fiction & literature ~ Horror ~ Author P-R
287503745098	Music & instruments ~ CDs ~ Pop & rock ~ Other
291434201162	Books ~ Fiction & literature ~ Horror ~ Author S-U
291434233930	Books ~ Fiction & literature ~ Horror ~ Author V-Z
291434266698	Books ~ Fiction & literature ~ Horror ~ Other
291434332234	Books ~ Fiction & literature ~ New Zealand ~ Author A-C
287493619786	Books ~ Non-fiction ~ New Zealand
291434397770	Books ~ Fiction & literature ~ New Zealand ~ Author G-I
287499386954	Books ~ Non-fiction ~ Pets ~ Other
291434430538	Books ~ Fiction & literature ~ New Zealand ~ Author J-L
289281048650	Books ~ Non-fiction ~ Reference ~ Dictionaries & thesauruses
287497224266	Books ~ Non-fiction ~ Business, finance & law ~ Business
287492866122	Books ~ Non-fiction ~ Computers & internet ~ Other
291434463306	Books ~ Fiction & literature ~ New Zealand ~ Author M-O
291434496074	Books ~ Fiction & literature ~ New Zealand ~ Author M-O
287499452490	Books ~ Rare & collectable ~ Other ~ 1950 - today
291434528842	Books ~ Fiction & literature ~ New Zealand ~ Author S-U
290650849354	Books ~ Non-fiction ~ Cooking ~ Meat
287493128266	Books ~ Rare & collectable ~ First editions
287496405066	Books ~ Non-fiction ~ Art, photography & design ~ Drawing
291434561610	Books ~ Fiction & literature ~ New Zealand ~ Author V-Z
287497257034	Books ~ Non-fiction ~ Business, finance & law ~ Economics
287498764362	Books ~ Non-fiction ~ Antiques & collectables
291434594378	Books ~ Fiction & literature ~ New Zealand ~ Other
287497355338	Books ~ Non-fiction ~ Business, finance & law ~ Finance
291434627146	Books ~ Fiction & literature ~ Science fiction & fantasy ~ Author A-C
291434692682	Books ~ Fiction & literature ~ Science fiction & fantasy ~ Author G-I
291434725450	Books ~ Fiction & literature ~ Science fiction & fantasy ~ Author J-L
291434758218	Books ~ Fiction & literature ~ Science fiction & fantasy ~ Author M-O
291434790986	Books ~ Fiction & literature ~ Science fiction & fantasy ~ Author P-R
291434823754	Books ~ Fiction & literature ~ Science fiction & fantasy ~ Author S-U
291434856522	Books ~ Fiction & literature ~ Science fiction & fantasy ~ Author V-Z
303210037322	Books ~ Non-fiction ~ War & military ~ Other
287498895434	Books ~ Foreign language ~ French
302886813770	Gaming ~ PlayStation 3 ~ Games ~ Other
287497650250	Books ~ Non-fiction ~ Wine & drink
287501123658	Books ~ Non-fiction ~ Sport ~ Other
290650685514	Books ~ Non-fiction ~ Cooking ~ Healthy eating
287497748554	Books ~ Non-fiction ~ Crafts ~ Cake design
290650751050	Books ~ Non-fiction ~ Religion & spirituality ~ Bibles
287499124810	Books ~ Non-fiction ~ Movies & TV
287503220810	Music & instruments ~ CDs ~ Classical
291433250890	Books ~ Young adult fiction ~ Author M-O
290650783818	Books ~ Non-fiction ~ Religion & spirituality ~ Islam
287503417418	Music & instruments ~ CDs ~ Jazz ~ Various
290650882122	Books ~ Non-fiction ~ Cooking ~ Vegan & vegetarian
287503548490	Music & instruments ~ CDs ~ Pop & rock ~ Other
290651799626	Books ~ Non-fiction ~ Religion & spirituality ~ Other
287503614026	Music & instruments ~ CDs ~ Compilations
291433381962	Books ~ Young adult fiction ~ Author A-C
290652094538	Books ~ Non-fiction ~ Home & garden ~ Trees & shrubs
291433840714	Books ~ Fiction & literature ~ Horror ~ Author M-O
289281146954	Books ~ Foreign language ~ Japanese
290652618826	Books ~ Non-fiction ~ Cooking ~ Ethnic
291433873482	Books ~ Fiction & literature ~ Horror ~ Author P-R
287502565450	Movies & TV ~ DVDs ~ Classics
290652651594	Books ~ Non-fiction ~ Cooking ~ Entertaining & party
290652717130	Books ~ Non-fiction ~ Cooking ~ Celebrity chefs
291433906250	Books ~ Fiction & literature ~ Horror ~ Author S-U
291434889290	Books ~ Fiction & literature ~ Science fiction & fantasy ~ Other
291433939018	Books ~ Fiction & literature ~ Horror ~ Author V-Z
291435872330	Books ~ Fiction & literature ~ General fiction ~ Author A-C
291433676874	Books ~ Fiction & literature ~ Classics ~ Other
291436200010	Books ~ Fiction & literature ~ Science fiction & fantasy ~ Other
291432857674	Books ~ Young adult fiction ~ Author G-I
291432890442	Books ~ Young adult fiction ~ Author J-L
291432923210	Books ~ Young adult fiction ~ Author M-O
291432955978	Books ~ Young adult fiction ~ Author P-R
291432988746	Books ~ Young adult fiction ~ Author S-U
291432628298	Books ~ Fiction & literature ~ Mystery & thriller ~ Author M-O
303882829898	Books ~ Children & babies ~ Activity & colouring ~ Colouring
291432792138	Books ~ Young adult fiction ~ Author A-C
291435610186	Books ~ Fiction & literature ~ General fiction ~ Author A-C
291435675722	Books ~ Fiction & literature ~ General fiction ~ Author G-I
291435708490	Books ~ Fiction & literature ~ General fiction ~ Author J-L
291435741258	Books ~ Fiction & literature ~ General fiction ~ Author M-O